{"editorVersion":"1.15.0","schemeVersion":"1.13.0","base":{"style":"oslo","scheme":"normal.day"},"definitions":{"WaterPark.Color":"#bae8e359","WaterPark.Outline.Color":"#4cc8b04d","POI.TransitStop.Icon.Size":37.699999999999996,"POI.TransitAccess.Icon.Size":["interpolate",["linear"],["zoom"],18,31.9,19,31.9,19,31.9,20,31.9,24,72.5],"POI.Accomodation.Label.Color":"#444444","POI.BusinessServicesAreas.Label.Color":"#444444","POI.EatDrink.Label.Color":"#444444","POI.Emergency.Label.Color":"#bb000a","POI.Entertainment.Label.Color":"#444444","POI.Facilities.Label.Color":"#444444","POI.LeisureOutdoor.Label.Color":"#444444","POI.Shopping.Label.Color":"#444444","POI.SightsMuseum.Label.Color":"#444444","POI.TransitStop.Label.Color":"#0037a4","Street.Tunnel.Gap.Length":["interpolate",["linear"],["zoom"],8,1.75,11,3.43,20,6.93,24,43.33],"Street.Tunnel.Dash.Length":["interpolate",["linear"],["zoom"],8,1.75,11,3.43,20,6.93,24,43.33],"Street.Category0.Tunnel.Color":"#c2d1e4","Street.Walkway.Bridge.Baseline.Width":["interpolate",["linear"],["zoom"],16,0,16,3.78,17,4.8999999999999995,18,7.35,19,9.45,20,11.479999999999999,24,40.32],"Street.Pedestrian.Bridge.Baseline.Width":["interpolate",["linear"],["zoom"],16,0,16,2.0999999999999996,17,2.8,18,5.6,19,8.399999999999999,20,14,24,53.199999999999996],"Street.Category4.ParkingLot.Width":["interpolate",["linear"],["zoom"],16,0,16,0.7,17,2.8,18,5.6,19,8.399999999999999,20,14,24,84],"Street.Category4.ParkingLot.Outline.Width":["interpolate",["linear"],["zoom"],16,0,16,0.35,20,0.35,24,0.42],"Street.Category4.RestrictedAccess.Width":["interpolate",["linear"],["zoom"],15,0,15,0.27999999999999997,16,0.7,17,2.8,18,5.6,19,8.399999999999999,20,14,24,84],"Street.Category4.RestrictedAccess.Outline.Width":["interpolate",["linear"],["zoom"],15,0,15,0.294,16,0.35,20,0.35,24,0.42],"Water.4000m.Color":"#a2daff","Water.5000m.Color":"#a2daff","Water.6000m.Color":"#a2daff","Water.Outline.Color":"#a2daff","Water.SecondOutline.Color":"#a2daff00","RoadShield.Label.SizeFactor":["interpolate",["linear"],["zoom"],12,1.45,20,2.175,24,2.9],"ExitInfo.Number.Label.Size":["interpolate",["linear"],["zoom"],15,8.68,20,10.54],"ExitInfo.Number.Icon.Height":["interpolate",["linear"],["zoom"],15,18.849999999999998,20,21.75],"ExitInfo.Name.Label.Size":["interpolate",["linear"],["zoom"],15,8.68,20,10.54],"ExitInfo.Name.Label.SizeFactor":["interpolate",["linear"],["zoom"],15,1.45,20,2.175,24,2.9],"ContourLine.Label.Size":["interpolate",["linear"],["zoom"],13,0,13,11.78,15,11.78,18,13.64],"Land.Color":"#e1fddc","BuiltupArea.Color":"#f4f4f4","Woodland.Color":"#cafac5","Woodland.Label.Size":["interpolate",["linear"],["zoom"],12,0,12,11.16,13,12.4,15,12.4,16,13.64,20,13.64,24,16.368],"Woodland.Label.Color":"#043b23","Park.Label.Size":["interpolate",["linear"],["zoom"],12,0,12,12.4,15,12.4,16,13.64,20,13.64,24,16.368],"NationalPark.Color":"#cafac5","NationalPark.Outline.Color":"#cafac5","NationalPark.Label.Color":"#043b23","NationalPark.Label.Size":["interpolate",["linear"],["zoom"],6,0,6,12.4,12,12.4,13,13.64,15,13.64,16,14.879999999999999,20,14.879999999999999,24,17.856],"Park.Color":"#d9fbd6","Park.Label.Color":"#043b23","Beach.Color":"#fff6e0","Beach.Label.Color":"#cc4e00","MilitaryBase.Color":"#f5f5f5","GolfCourse.Color":"#e1fddc","GolfCourse.Label.Color":"#043b23","Desert.Color":"#fff6e0","Desert.Label.Color":"#cc4e00","Desert.Label.Size":["interpolate",["linear"],["zoom"],6,0,6,11.16,12,11.16,13,12.4,15,12.4,16,13.64,20,13.64,24,16.368],"Glacier.Color":"#fcfbfb","Glacier.Label.Color":"#444444","HospitalCampus.Color":"#ffebf9","UniversityCampus.Color":"#fffdee","Cemetery.Color":"#d9fbd6","Cemetery.Label.Color":"#5a5a5a","Allotment.Label.Size":["interpolate",["linear"],["zoom"],15,0,15,13.64,16,14.879999999999999,20,14.879999999999999,24,17.856],"IndustrialComplex.Color":"#f5f5f5","IndustrialComplex.Label.Color":"#5a5a5a","Airport.Color":"#f5f5f5","Airport.Label.Size":["interpolate",["linear"],["zoom"],12,0,12,13.64,15,13.64,16,14.879999999999999,20,14.879999999999999,24,17.856],"Runway.Color":"#e3e3e3","ShoppingComplex.Color":["ref","PedestrianArea.Color"],"PedestrianArea.Color":"#fffdee","Railyard.Color":["ref","PedestrianArea.Color"],"HarborArea.Color":"#f5f5f5","Island.Label.Color":"#141414","Island.Label.Size":["interpolate",["linear"],["zoom"],6,0,6,11.16,11,12.4,12,13.64,13,13.64,14,14.879999999999999,15,14.879999999999999,16,16.12,17,16.12,20,16.12,24,19.344],"MountainRange.Label.Size":["interpolate",["linear"],["zoom"],0,14.879999999999999,10,17.36,12,18.6,13,21.08,13,0,24,0],"MountainRange.Label.Color":"#444444","POI.MountainPeak.Label.Size":["interpolate",["linear"],["zoom"],5,9.92,8,11.16,12,11.16,13,12.4,15,12.4,16,13.64,20,13.64,24,16.368],"POI.MountainPeak.Icon.Size":["interpolate",["linear"],["zoom"],0,11.6,10,11.6,11,13.049999999999999,12,14.5,13,14.5,20,14.5,24,17.4],"Ferry.Label.Size":["interpolate",["linear"],["zoom"],12,0,12,12.4,14,13.64,15,14.879999999999999,16,14.879999999999999,17,16.12,20,16.12,24,19.344],"Water.0m.Color":"#caeaff","Lake.Label.Color":"#749ce0","Lake.Label.Size":["interpolate",["linear"],["zoom"],7,0,7,11.78,11,12.4,12,13.64,15,13.64,16,14.879999999999999,20,14.879999999999999,24,17.856],"Lake.Class1.Label.Size":["interpolate",["linear"],["zoom"],5,0,5,12.4,11,13.64,12,14.879999999999999,15,14.879999999999999,16,16.12,20,17.36,24,20.832],"Lake.Class2.Label.Size":["interpolate",["linear"],["zoom"],6,0,6,12.4,11,13.64,12,14.879999999999999,15,14.879999999999999,16,16.12,20,17.36,24,20.832],"Lake.Class3.Label.Size":["interpolate",["linear"],["zoom"],7,0,7,11.78,11,12.4,12,13.64,15,13.64,16,14.879999999999999,20,14.879999999999999,24,17.856],"Lake.Class4.Label.Size":["interpolate",["linear"],["zoom"],8,0,8,11.78,11,12.4,12,13.64,15,13.64,16,14.879999999999999,20,14.879999999999999,24,17.856],"Lake.Class5.Label.Size":["interpolate",["linear"],["zoom"],9,0,9,11.78,11,12.4,12,13.64,15,13.64,16,14.879999999999999,20,14.879999999999999,24,17.856],"Lake.Class6.Label.Size":["interpolate",["linear"],["zoom"],10,0,10,10.54,11,11.16,12,12.4,15,12.4,16,13.64,20,13.64,24,16.368],"Lake.Class7.Label.Size":["interpolate",["linear"],["zoom"],11,0,11,11.16,12,12.4,15,12.4,16,13.64,20,13.64,24,16.368],"Lake.Class8.Label.Size":["interpolate",["linear"],["zoom"],12,0,12,12.4,15,12.4,16,13.64,20,13.64,24,16.368],"Sea.Label.Size":["interpolate",["linear"],["zoom"],2,0,2,9.92,3,9.92,4,11.16,5,11.78,6,12.4,8,12.4,20,14.879999999999999,24,17.856],"BayHarbor.Class1.Label.Size":["interpolate",["linear"],["zoom"],5,0,5,11.78,11,12.4,12,13.64,15,13.64,16,14.879999999999999,20,16.12,24,19.84],"BayHarbor.Class2.Label.Size":["interpolate",["linear"],["zoom"],6,0,6,11.78,11,12.4,12,13.64,15,13.64,16,14.879999999999999,20,16.12,24,19.84],"BayHarbor.Class3.Label.Size":["interpolate",["linear"],["zoom"],7,0,7,11.16,11,11.16,12,12.4,15,12.4,16,13.64,20,13.64,24,16.74],"BayHarbor.Class4.Label.Size":["interpolate",["linear"],["zoom"],8,0,8,11.16,11,11.16,12,12.4,15,12.4,16,13.64,20,13.64,24,16.74],"BayHarbor.Class5.Label.Size":["interpolate",["linear"],["zoom"],9,0,9,11.16,11,11.16,12,12.4,15,12.4,16,13.64,20,13.64,24,16.74],"BayHarbor.Class6.Label.Size":["interpolate",["linear"],["zoom"],10,0,10,9.92,11,9.92,12,11.16,15,11.16,16,12.4,20,12.4,24,15.5],"BayHarbor.Class7.Label.Size":["interpolate",["linear"],["zoom"],11,0,11,9.92,12,11.16,15,11.16,16,12.4,20,12.4,24,15.5],"BayHarbor.Class8.Label.Size":["interpolate",["linear"],["zoom"],12,0,12,11.16,15,11.16,16,12.4,20,12.4,24,15.5],"Street.Category4.Color":"#dbdbdb","Street.Category4.Outline.Color":"#d6d6d6","Street.Category4.Width":["interpolate",["linear"],["zoom"],14.5,0.7,15,1.75,16,3.43,17,5.18,18,10.43,19,12.11,20,26.04,24,182.14],"Street.Category4.Ramp.Width":["interpolate",["linear"],["zoom"],14,0.5599999999999999,15,0.84,16,1.68,17,4.8999999999999995,18,8.399999999999999,19,10.92,20,18.2,24,98],"Street.Category4.Ramp.Outline.Width":["interpolate",["linear"],["zoom"],15.5,0,15.5,0.35,20,0.35,24,0.42],"Street.Category4.Outline.Width":["interpolate",["linear"],["zoom"],15.5,0,15.5,0.42,20,0.42,24,0.5599999999999999],"Street.Category4.Construction.Dash.Length":["step",["zoom"],2.8,15,5.18,16,7.699999999999999,17,12.179999999999998,18,24.359999999999996,19,35,20,62.99999999999999,21,125.99999999999999,22,196,23,280,24,406],"Street.Category4.Construction.Gap.Length":["step",["zoom"],2.8,15,4.199999999999999,16,5.6,17,8.399999999999999,18,15.399999999999999,19,18.2,20,35,21,62.99999999999999,22,105,23,154,24,237.99999999999997],"Street.Category3.Color":"#dbdbdb","Street.Category3.Outline.Color":"#cdcdcd","Street.Category3.Width":["interpolate",["linear"],["zoom"],10,0.27999999999999997,12,0.7,13,1.4,14,3.2199999999999998,15,3.43,16,6.089999999999999,17,9.52,18,20.79,19,22.54,20,39.059999999999995,24,273.21],"Street.Category3.Ramp.Width":["interpolate",["linear"],["zoom"],14,1.0499999999999998,15,1.68,16,2.94,17,4.76,18,10.36,19,11.2,20,19.46,24,136.5],"Street.Category3.Ramp.Outline.Width":["interpolate",["linear"],["zoom"],14.5,0,14.5,0.35,20,0.35,24,0.48999999999999994],"Street.Category3.Outline.Width":["interpolate",["linear"],["zoom"],14.5,0,14.5,0.42,20,0.42,24,0.7],"Street.Category3.Label.Color":"#444444","Street.Category3.Construction.Dash.Length":["step",["zoom"],2.8,13,4.34,14,5.18,15,7,16,11.2,17,14,18,25.2,19,44.8,20,84,21,168,22,237.99999999999997,23,308,24,420],"Street.Category3.Construction.Gap.Length":["step",["zoom"],2.8,13,2.8,14,3.5,15,4.199999999999999,16,5.6,17,8.399999999999999,18,15.399999999999999,19,18.2,20,35,21,62.99999999999999,22,105,23,154,24,237.99999999999997],"Street.Category2.Color":"#d9d9d9","Street.Category2.Outline.Color":"#b1b1b1","Street.Category2.Width":["interpolate",["linear"],["zoom"],0,0.9799999999999999,8,1.0499999999999998,10,1.26,11,1.75,12,2.59,13,2.17,14,3.01,15,4.97,16,7.77,17,11.27,18,23.38,19,26.04,20,43.33,24,303.59],"Street.Category2.Ramp.Width":["interpolate",["linear"],["zoom"],14,1.0499999999999998,15,2.38,16,3.78,17,5.6,18,11.69,19,13.02,20,21.7,24,151.89999999999998],"Street.Category2.Ramp.Outline.Width":["interpolate",["linear"],["zoom"],12,0,13,0.42,20,0.48999999999999994,24,0.7],"Street.Category2.Outline.Width":["interpolate",["linear"],["zoom"],12,0,13,0.48999999999999994,20,0.7,24,1.1199999999999999],"Street.Category2.Label.Color":"#444444","Street.Category2.Construction.Dash.Length":["step",["zoom"],2.8,13,5.18,14,7,15,8.68,16,13.86,17,22.4,18,35,19,51.8,20,98,21,191.79999999999998,22,266,23,350,24,448],"Street.Category2.Construction.Gap.Length":["step",["zoom"],2.8,13,2.8,14,3.5,15,4.199999999999999,16,5.6,17,8.399999999999999,18,15.399999999999999,19,18.2,20,35,21,62.99999999999999,22,105,23,154,24,237.99999999999997],"Street.Category1.Color":"#d9d9d9","Street.Category1.Outline.Color":"#8e8e8e","Street.Category1.Width":["interpolate",["linear"],["zoom"],5,1.4,8,1.75,9,2.17,10,1.75,11,2.38,12,2.59,13,3.01,14,4.34,15,6.089999999999999,16,9.52,17,13.02,18,26.04,19,29.47,20,47.669999999999995,24,333.96999999999997],"Street.Category1.Ramp.Width":["interpolate",["linear"],["zoom"],13,1.0499999999999998,14,2.0999999999999996,15,3.08,16,4.76,17,6.4399999999999995,18,13.02,19,14.7,20,24.08,24,166.88],"Street.Category1.Ramp.Outline.Width":["interpolate",["linear"],["zoom"],9,0,10,0.48999999999999994,20,0.48999999999999994,24,0.7],"Street.Category1.Outline.Width":["interpolate",["linear"],["zoom"],9,0,10,0.7,20,0.7,24,1.54],"Street.Category1.Label.Color":"#444444","Street.Category1.Construction.Dash.Length":["step",["zoom"],4.199999999999999,10,5.18,11,5.18,12,7.699999999999999,13,9.1,14,9.799999999999999,15,14,16,18.2,17,26.599999999999998,18,36.4,19,56,20,118.99999999999999,21,210,22,280,23,364,24,518],"Street.Category1.Construction.Gap.Length":["step",["zoom"],2.8,11,2.8,12,4.199999999999999,13,6.3,14,7,15,8.399999999999999,16,8.399999999999999,17,8.399999999999999,18,15.399999999999999,19,18.2,20,35,21,62.99999999999999,22,105,23,154,24,237.99999999999997],"Street.Category0.Color":"#b0b0b0","Street.Category0.Outline.Color":"#e3e3e3","Street.Category0.Centerline.Color":"#8e8e8e","Street.Category0.Width":["interpolate",["linear"],["zoom"],0,1.54,5,1.54,6,1.9599999999999997,7,2.17,8,1.75,9,2.17,10,3.2199999999999998,11,3.43,12,4.34,13,4.76,14,6.93,15,10.43,16,13.86,17,17.36,18,30.379999999999995,19,38.15,20,60.69,24,425.04],"Street.Category0.Ramp.Width":["interpolate",["linear"],["zoom"],13,1.4,14,3.36,15,5.18,16,7,17,8.68,18,15.12,20,30.24,24,212.52],"Street.Category0.Ramp.Outline.Width":["interpolate",["linear"],["zoom"],7,0,8,0.48999999999999994,14,0.5599999999999999,16,0.7,18,0.9099999999999999,20,0.9099999999999999,24,1.68],"Street.Category0.Outline.Width":["interpolate",["linear"],["zoom"],7,0,8,0.7,14,0.9099999999999999,16,1.3299999999999998,18,1.54,20,1.54,24,2.8699999999999997],"Street.Category0.Centerline.Width":["interpolate",["linear"],["zoom"],11,0,11,0.84,20,0.84,24,2.59],"Street.Category0.Label.Color":"#444444","Street.Category0.Construction.Dash.Length":["step",["zoom"],4.199999999999999,9,4.199999999999999,10,5.6,11,7.699999999999999,12,10.5,13,11.899999999999999,14,15.399999999999999,15,19.599999999999998,16,26.599999999999998,17,42,18,56,19,84,20,154,21,251.99999999999997,22,392,23,532,24,672],"Street.Category0.Construction.Gap.Length":["step",["zoom"],2.8,9,2.8,10,2.8,11,3.8499999999999996,12,5.25,13,5.949999999999999,14,7.699999999999999,15,9.799999999999999,16,13.299999999999999,17,21,18,28,19,42,20,77,21,125.99999999999999,22,196,23,266,24,336],"Street.Category4.Label.Size":["interpolate",["linear"],["zoom"],14,0,14,12.4,15,13.64,16,13.64,17,14.879999999999999,18,16.12,20,17.36,24,22.32],"Street.Category3.Label.Size":["interpolate",["linear"],["zoom"],13,0,13,12.4,14,13.64,15,14.26,16,14.879999999999999,17,16.12,18,17.36,20,17.36,24,28.52],"Street.Category2.Label.Size":["interpolate",["linear"],["zoom"],12,0,12,12.4,13,13.64,14,14.879999999999999,15,14.879999999999999,16,16.12,17,16.12,18,18.6,20,18.6,24,42.16],"Street.Category1.Label.Size":["interpolate",["linear"],["zoom"],11,0,11,12.4,12,13.64,13,14.879999999999999,14,15.5,15,16.12,16,17.36,17,17.36,18,19.84,20,19.84,24,47.12],"Street.Category0.Bridge.Outline.Width":["interpolate",["linear"],["zoom"],0,1.54,16,1.54,17,2.03,20,2.03,24,5.46],"Street.Category1.Bridge.Outline.Width":["interpolate",["linear"],["zoom"],0,1.54,16,1.54,17,2.03,20,2.03,24,4.619999999999999],"Street.Category2.Bridge.Outline.Width":["interpolate",["linear"],["zoom"],0,1.1199999999999999,16,1.1199999999999999,17,1.54,20,1.54,24,3.7099999999999995],"Street.Category0.Label.Size":["interpolate",["linear"],["zoom"],10,0,10,12.4,11,13.64,12,14.879999999999999,13,16.12,14,16.74,15,17.36,16,18.6,17,18.6,18,19.84,20,19.84,24,52.08],"Street.Category0.Label.Outline.Color":"#ffffff","Street.Walkway.Label.Size":["interpolate",["linear"],["zoom"],16,0,16,12.4,17,13.64,18,14.879999999999999,20,16.12,24,19.84],"Street.Walkway.Label.Color":"#444444","Street.Walkway.Width":["interpolate",["linear"],["zoom"],15,0,15,0.27999999999999997,16,1.1199999999999999,20,4.199999999999999,24,8.68],"Street.Walkway.Bridge.Outline.Width":["interpolate",["linear"],["zoom"],16,0,16,0.7,17,0.9099999999999999,20,1.1199999999999999,24,3.7099999999999995],"Street.Pedestrian.Color":"#fffdee","Street.Pedestrian.Outline.Color":"#cdcdcd","Street.Pedestrian.Outline.Width":["interpolate",["linear"],["zoom"],16.5,0,16.5,0.5599999999999999,24,0.5599999999999999],"Street.Pedestrian.Label.Size":["interpolate",["linear"],["zoom"],14,0,14,12.4,16,12.4,17,13.64,18,14.879999999999999,20,16.12,24,19.84],"Street.Pedestrian.Width":["interpolate",["linear"],["zoom"],15,0,15,0.27999999999999997,16,1.4,17,2.8,18,5.6,19,8.399999999999999,20,14,24,56],"Street.Pedestrian.Construction.Dash.Length":["step",["zoom"],3.43,15,5.18,16,7.77,17,13.02,18,24.29,19,32.97,20,48.58,21,77,22,112,23,154,24,251.99999999999997],"Street.Pedestrian.Construction.Gap.Length":["step",["zoom"],3.43,15,4.199999999999999,16,5.6,17,8.399999999999999,18,15.399999999999999,19,18.2,20,35,21,62.99999999999999,22,105,23,154,24,237.99999999999997],"Street.Category0.Arrow.Color":"#94a8be00","Street.Category4.Arrow.Color":"#b0b0b0","CountryBoundary.Color":"#8e8e8e","CountryBoundary.Disputed.Color":"#8e8e8e","StateBoundary.Color":"#8e8e8e","StateBoundary.Disputed.Color":"#8e8e8e","Country.Label.Color":"#141414","Country.Label.Size":["interpolate",["linear"],["zoom"],2,0,2,11.16,7,21.08,7,0],"State.Label.Color":"#141414","State.Label.Size":["interpolate",["linear"],["zoom"],4,0,4,11.78,5,13.02,6,14.26,7,15.5,8,15.5,8,0],"Continent.Label.Color":"#141414","Continent.Label.Size":["interpolate",["linear"],["zoom"],1,0,1,17.36,2,19.84,2.1,0],"CityCenter.Class1.Label.Color":"#444444","CityCenter.Class2.Label.Color":"#444444","CityCenter.Class4.Label.Color":"#5a5a5a","Neighborhood.Label.Color":"#141414","CityCenter.Class1.Label.Size":["interpolate",["linear"],["zoom"],3,0,3,16.12,9,24.8,14,33.48,14,0],"CityCenter.Class2.Label.Size":["interpolate",["linear"],["zoom"],3,0,3,15.5,9,19.84,15,31,15,0],"CityCenter.Class3.Label.Size":["interpolate",["linear"],["zoom"],3,0,3,14.879999999999999,4,14.879999999999999,9,17.98,15,27.28,15,0],"CityCenter.Class4.Label.Size":["interpolate",["linear"],["zoom"],3,0,3,14.26,5,14.26,9,16.12,15,26.04,15,0],"CityCenter.Class5.Label.Size":["interpolate",["linear"],["zoom"],4,0,4,13.64,6,13.64,9,14.879999999999999,15,23.56,15,0],"CityCenter.Class6.Label.Size":["interpolate",["linear"],["zoom"],5,0,5,13.02,7,13.02,9,13.64,15,21.08,15,0],"CityCenter.Class7.Label.Size":["interpolate",["linear"],["zoom"],6,0,6,12.4,9,12.4,15,18.6,15,0],"CityCenter.Hamlet.Label.Size":["interpolate",["linear"],["zoom"],7,0,7,11.78,9,11.78,16,17.36,16,0],"Neighborhood.Label.Size":["interpolate",["linear"],["zoom"],7,0,7,11.16,9,11.16,16,16.12,16,0],"POI.Icon.Size":["interpolate",["linear"],["zoom"],10,26.099999999999998,12,29,14,33.35,15,33.35,16,36.25,17,36.25,18,37.699999999999996,20,37.699999999999996,24,87],"POI.Label.Size":["interpolate",["linear"],["zoom"],5,0,5,9.92,8,11.16,12,11.16,13,12.4,15,12.4,16,13.64,17,14.879999999999999,20,14.879999999999999,24,31],"ExtrudedBuilding.Color":"#e3e3e3","ExtrudedBuilding.Outline.Color":"#cdcdcd","Building.Color":"#ffffff00","BuildingAddress.Label.Color":"#5a5a5a","Truck.Label.Size":9.61,"SkiRun.Label.Size":["interpolate",["linear"],["zoom"],13,0,15.5,0,15.5,11.16,17,13.64,20,16.12,24,19.592000000000002],"EnvironmentalZone.Label.Size":["interpolate",["linear"],["zoom"],7,0,7,14.879999999999999,14,14.879999999999999,15,16.12,16,16.12,17,17.36,20,17.36,24,20.832],"Transit.Regional.Label.Size":["interpolate",["linear"],["zoom"],14,0,14,11.78,16,13.64,18,16.12,20,18.6,24,24.8],"Transit.Suburban.Label.Size":["interpolate",["linear"],["zoom"],14,0,14,11.78,16,13.64,18,16.12,20,18.6,24,24.8],"Transit.Subway.Label.Size":["interpolate",["linear"],["zoom"],14,0,14,11.78,16,13.64,18,16.12,20,18.6,24,24.8],"Transit.Ferry.Label.Size":["interpolate",["linear"],["zoom"],15,0,15,12.4,16,13.64,18,16.12,20,18.6,24,24.8],"Transit.Tram.Label.Size":["interpolate",["linear"],["zoom"],16,0,16,13.64,18,16.12,20,18.6,24,24.8],"Transit.Aerial.Label.Size":["interpolate",["linear"],["zoom"],16,0,16,13.64,18,16.12,20,18.6,24,24.8]}}